occurrence_year,homicide_type,occurrence_date,neighbourhood,day_of_week
2004,Other,2004-01-03,Yonge-St.Clair (97),Sat
2004,Shooting,2004-01-08,Woburn (137),Thu
2004,Shooting,2004-01-08,Malvern (132),Thu
2004,Shooting,2004-01-25,Dovercourt-Wallace Emerson-Junction (93),Sun
2004,Shooting,2004-01-25,Rouge (131),Sun
2004,Stabbing,2004-02-20,Downsview-Roding-CFB (26),Fri
2004,Shooting,2004-02-21,Downsview-Roding-CFB (26),Sat
2004,Other,2004-02-21,Mount Olive-Silverstone-Jamestown (2),Sat
2004,Shooting,2004-03-03,Malvern (132),Wed
2004,Shooting,2004-03-04,Clairlea-Birchmount (120),Thu
2004,Shooting,2004-03-03,Agincourt North (129),Wed
2004,Stabbing,2004-03-13,Woburn (137),Sat
2004,Other,2004-03-18,Englemount-Lawrence (32),Thu
2004,Other,2004-03-24,Woburn (137),Wed
2004,Other,2004-04-01,Moss Park (73),Thu
2004,Shooting,2004-04-13,Elms-Old Rexdale (5),Tue
2004,Shooting,2004-05-01,Mount Olive-Silverstone-Jamestown (2),Sat
2004,Shooting,2004-03-03,Old East York (58),Wed
2004,Shooting,2004-05-15,Black Creek (24),Sat
2004,Stabbing,2004-05-19,Alderwood (20),Wed
2004,Shooting,2004-05-21,Regent Park (72),Fri
2004,Other,2004-05-21,Thistletown-Beaumond Heights (3),Fri
2004,Other,2004-05-20,Yorkdale-Glen Park (31),Thu
2004,Other,2004-05-25,Roncesvalles (86),Tue
2004,Other,2004-06-01,Moss Park (73),Tue
2004,Shooting,2004-06-04,South Parkdale (85),Fri
2004,Stabbing,2004-06-18,Moss Park (73),Fri
2004,Shooting,2004-06-19,Pelmo Park-Humberlea (23),Sat
2004,Shooting,2004-07-01,Black Creek (24),Thu
2004,Stabbing,2004-07-05,Oakridge (121),Mon
2004,Stabbing,2004-07-07,Stonegate-Queensway (16),Wed
2009,Shooting,2009-08-04,Mimico (includes Humber Bay Shores) (17),Tue
2004,Stabbing,2004-07-08,Weston (113),Thu
2004,Stabbing,2004-07-09,Willowdale West (37),Fri
2004,Shooting,2004-07-21,Hillcrest Village (48),Wed
2004,Other,2004-07-23,Junction Area (90),Fri
2004,Shooting,2004-07-24,Waterfront Communities-The Island (77),Sat
2009,Shooting,2009-08-05,Kennedy Park (124),Wed
2004,Other,2004-08-05,Dovercourt-Wallace Emerson-Junction (93),Thu
2009,Shooting,2009-08-10,West Humber-Clairville (1),Mon
2004,Stabbing,2004-08-18,Weston (113),Wed
2009,Shooting,2009-08-16,Mount Olive-Silverstone-Jamestown (2),Sun
2004,Stabbing,2004-08-19,Briar Hill-Belgravia (108),Thu
2009,Shooting,2009-09-02,Blake-Jones (69),Wed
2004,Shooting,2004-08-30,Highland Creek (134),Mon
2009,Shooting,2009-09-05,Waterfront Communities-The Island (77),Sat
2004,Other,2004-08-30,Church-Yonge Corridor (75),Mon
2009,Shooting,2009-09-07,Bayview Woods-Steeles (49),Mon
2004,Stabbing,2004-08-31,Humbermede (22),Tue
2004,Shooting,2004-09-05,Kingsview Village-The Westway (6),Sun
2004,Shooting,2004-09-21,West Humber-Clairville (1),Tue
2004,Other,2004-09-22,York University Heights (27),Wed
2004,Other,2004-10-08,South Riverdale (70),Fri
2004,Shooting,2004-10-15,Rustic (28),Fri
2004,Other,2004-10-27,Mount Pleasant East (99),Wed
2004,Other,2004-11-12,Corso Italia-Davenport (92),Fri
2004,Stabbing,2004-12-01,Dovercourt-Wallace Emerson-Junction (93),Wed
2004,Stabbing,2004-12-01,Dovercourt-Wallace Emerson-Junction (93),Wed
2004,Other,2004-12-02,Centennial Scarborough (133),Thu
2004,Stabbing,2004-12-03,Old East York (58),Fri
2004,Other,2004-10-21,High Park-Swansea (87),Thu
2004,Stabbing,2004-12-11,St.Andrew-Windfields (40),Sat
2004,Stabbing,2004-12-11,Kensington-Chinatown (78),Sat
2004,Stabbing,2004-12-12,O'Connor-Parkview (54),Sun
2004,Shooting,2004-12-19,Church-Yonge Corridor (75),Sun
2004,Shooting,2004-12-19,Kennedy Park (124),Sun
2004,Shooting,2004-12-20,Flemingdon Park (44),Mon
2004,Stabbing,2004-12-31,Cliffcrest (123),Fri
2004,Other,2004-07-12,Malvern (132),Mon
2004,Shooting,2004-05-22,Maple Leaf (29),Sat
2005,Stabbing,2005-01-14,Milliken (130),Fri
2005,Stabbing,2005-01-18,Dovercourt-Wallace Emerson-Junction (93),Tue
2005,Shooting,2005-01-21,Niagara (82),Fri
2005,Shooting,2005-01-21,Niagara (82),Fri
2005,Shooting,2005-02-11,Dorset Park (126),Fri
2005,Other,2005-02-11,Weston-Pellam Park (91),Fri
2005,Shooting,2005-02-12,Mount Olive-Silverstone-Jamestown (2),Sat
2005,Shooting,2005-02-15,Dorset Park (126),Tue
2005,Shooting,2005-02-15,Cabbagetown-South St.James Town (71),Tue
2005,Other,2005-02-18,Mimico (includes Humber Bay Shores) (17),Fri
2005,Shooting,2005-02-28,Westminster-Branson (35),Mon
2005,Shooting,2005-03-05,Banbury-Don Mills (42),Sat
2005,Stabbing,2005-03-11,Stonegate-Queensway (16),Fri
2005,Shooting,2005-03-25,Church-Yonge Corridor (75),Fri
2005,Shooting,2005-04-13,Birchcliffe-Cliffside (122),Wed
2005,Shooting,2005-04-18,South Parkdale (85),Mon
2005,Other,2005-04-19,Waterfront Communities-The Island (77),Tue
2005,Shooting,2005-04-24,Humber Summit (21),Sun
2005,Stabbing,2005-05-04,Agincourt North (129),Wed
2005,Shooting,2005-05-05,Dufferin Grove (83),Thu
2005,Stabbing,2005-05-05,Glenfield-Jane Heights (25),Thu
2005,Shooting,2005-05-08,Blake-Jones (69),Sun
2005,Shooting,2005-05-14,Church-Yonge Corridor (75),Sat
2005,Shooting,2005-05-15,Woburn (137),Sun
2005,Shooting,2005-05-18,West Hill (136),Wed
2005,Stabbing,2005-05-27,Glenfield-Jane Heights (25),Fri
2005,Shooting,2005-06-12,East End-Danforth (62),Sun
2005,Shooting,2005-06-24,Black Creek (24),Fri
2005,Stabbing,2005-06-25,Englemount-Lawrence (32),Sat
2005,Shooting,2005-06-29,Dovercourt-Wallace Emerson-Junction (93),Wed
2005,Shooting,2005-07-06,Thistletown-Beaumond Heights (3),Wed
2005,Other,2005-07-17,Oakridge (121),Sun
2005,Shooting,2005-07-19,Rockcliffe-Smythe (111),Tue
2005,Other,2005-07-20,Parkwoods-Donalda (45),Wed
2005,Other,2005-07-15,West Hill (136),Fri
2005,Shooting,2005-07-30,Englemount-Lawrence (32),Sat
2005,Shooting,2005-07-30,L'Amoreaux (117),Sat
2009,Other,2009-09-12,Clairlea-Birchmount (120),Sat
2009,Shooting,2009-10-10,South Parkdale (85),Sat
2009,Other,2009-10-18,Church-Yonge Corridor (75),Sun
2009,Shooting,2009-10-18,York University Heights (27),Sun
2009,Shooting,2009-10-30,Wychwood (94),Fri
2009,Shooting,2009-11-02,Playter Estates-Danforth (67),Mon
2009,Shooting,2009-11-03,York University Heights (27),Tue
2009,Stabbing,2009-11-04,Annex (95),Wed
2009,Other,2009-11-07,South Riverdale (70),Sat
2009,Stabbing,2009-11-07,University (79),Sat
2010,Other,2010-01-02,South Riverdale (70),Sat
2009,Shooting,2009-11-11,Oakwood Village (107),Wed
2009,Shooting,2009-11-17,Kingsview Village-The Westway (6),Tue
2009,Shooting,2009-11-22,Bay Street Corridor (76),Sun
2009,Shooting,2009-11-22,Bendale (127),Sun
2009,Shooting,2009-12-03,Rustic (28),Thu
2009,Other,2009-12-05,Cabbagetown-South St.James Town (71),Sat
2009,Shooting,2009-12-06,Humber Summit (21),Sun
2009,Shooting,2009-12-07,Weston (113),Mon
2009,Shooting,2009-12-09,Downsview-Roding-CFB (26),Wed
2010,Shooting,2010-01-07,Malvern (132),Thu
2009,Stabbing,2009-12-13,Lambton Baby Point (114),Sun
2010,Other,2010-01-24,Kensington-Chinatown (78),Sun
2010,Stabbing,2010-01-27,Parkwoods-Donalda (45),Wed
2009,Other,2009-12-18,Kensington-Chinatown (78),Fri
2009,Shooting,2009-12-29,Junction Area (90),Tue
2010,Stabbing,2010-02-03,Moss Park (73),Wed
2011,Stabbing,2011-01-01,Waterfront Communities-The Island (77),Sat
2011,Shooting,2011-01-05,Wexford/Maryvale (119),Wed
2011,Other,2011-01-06,West Hill (136),Thu
2011,Other,2011-01-12,Annex (95),Wed
2011,Other,2011-01-13,Forest Hill North (102),Thu
2011,Other,2011-01-23,Church-Yonge Corridor (75),Sun
2010,Shooting,2010-02-07,Brookhaven-Amesbury (30),Sun
2011,Shooting,2011-02-01,Humbermede (22),Tue
2011,Stabbing,2011-02-05,York University Heights (27),Sat
2011,Shooting,2011-02-11,Beechborough-Greenbrook (112),Fri
2011,Shooting,2011-02-11,Woburn (137),Fri
2011,Shooting,2011-02-16,Weston (113),Wed
2011,Shooting,2011-02-26,Malvern (132),Sat
2011,Shooting,2011-03-02,Lambton Baby Point (114),Wed
2011,Other,2011-03-03,Dovercourt-Wallace Emerson-Junction (93),Thu
2011,Shooting,2011-03-20,Kingsview Village-The Westway (6),Sun
2011,Other,2011-03-21,South Parkdale (85),Mon
2011,Shooting,2011-03-28,Kennedy Park (124),Mon
2011,Shooting,2011-03-28,The Beaches (63),Mon
2011,Other,2011-04-15,York University Heights (27),Fri
2011,Other,2011-04-06,Danforth (66),Wed
2011,Shooting,2011-04-30,West Humber-Clairville (1),Sat
2011,Shooting,2011-05-26,Pleasant View (46),Thu
2010,Shooting,2010-02-08,Rustic (28),Mon
2011,Shooting,2011-05-29,West Humber-Clairville (1),Sun
2010,Other,2010-02-15,South Riverdale (70),Mon
2010,Other,2010-02-14,Eglinton East (138),Sun
2011,Shooting,2011-06-16,Glenfield-Jane Heights (25),Thu
2011,Stabbing,2011-07-01,Victoria Village (43),Fri
2011,Stabbing,2011-07-22,Scarborough Village (139),Fri
2011,Shooting,2011-07-29,Islington-City Centre West (14),Fri
2011,Other,2011-07-29,Mount Dennis (115),Fri
2011,Shooting,2011-07-31,Mount Dennis (115),Sun
2011,Stabbing,2011-08-10,Downsview-Roding-CFB (26),Wed
2011,Shooting,2011-08-20,Downsview-Roding-CFB (26),Sat
2011,Shooting,2011-08-23,Clanton Park (33),Tue
2011,Shooting,2011-08-27,Lambton Baby Point (114),Sat
2011,Other,2011-09-11,Woburn (137),Sun
2011,Shooting,2011-09-17,Clairlea-Birchmount (120),Sat
2011,Shooting,2011-10-02,Trinity-Bellwoods (81),Sun
2010,Shooting,2010-03-11,West Hill (136),Thu
2011,Shooting,2011-10-09,Victoria Village (43),Sun
2011,Shooting,2011-10-14,Taylor-Massey (61),Fri
2010,Other,2010-03-13,Wexford/Maryvale (119),Sat
2011,Shooting,2011-10-15,Black Creek (24),Sat
2011,Shooting,2011-10-21,Etobicoke West Mall (13),Fri
2011,Shooting,2011-10-28,Downsview-Roding-CFB (26),Fri
2010,Other,2010-04-04,High Park-Swansea (87),Sun
2011,Shooting,2011-11-29,South Riverdale (70),Tue
2011,Stabbing,2011-12-02,Newtonbrook East (50),Fri
2011,Stabbing,2011-12-03,Bedford Park-Nortown (39),Sat
2010,Other,2010-04-28,Moss Park (73),Wed
2011,Shooting,2011-12-30,Woburn (137),Fri
2011,Stabbing,2011-12-31,Kensington-Chinatown (78),Sat
2011,Other,2011-12-26,Regent Park (72),Mon
2011,Other,2011-12-02,Weston (113),Fri
2011,Other,2011-02-19,Malvern (132),Sat
2010,Shooting,2010-05-03,Oakwood Village (107),Mon
2010,Stabbing,2010-05-10,L'Amoreaux (117),Mon
2010,Shooting,2010-05-17,Keelesdale-Eglinton West (110),Mon
2010,Other,2010-05-31,Brookhaven-Amesbury (30),Mon
2012,Shooting,2012-01-01,Clairlea-Birchmount (120),Sun
2012,Stabbing,2012-01-01,Niagara (82),Sun
2012,Other,2012-01-01,Leaside-Bennington (56),Sun
2012,Shooting,2012-01-21,Clairlea-Birchmount (120),Sat
2012,Shooting,2012-01-24,Malvern (132),Tue
2013,Other,2013-01-19,Dovercourt-Wallace Emerson-Junction (93),Sat
2016,Other,2016-05-18,Church-Yonge Corridor (75),Wed
2013,Other,2013-02-02,Don Valley Village (47),Sat
2016,Other,2016-04-17,Weston (113),Sun
2013,Shooting,2013-02-11,Glenfield-Jane Heights (25),Mon
2016,Shooting,2016-06-03,Humbermede (22),Fri
2013,Shooting,2013-02-10,Niagara (82),Sun
2016,Shooting,2016-06-07,Mount Pleasant West (104),Tue
2013,Shooting,2013-02-17,Mount Olive-Silverstone-Jamestown (2),Sun
2016,Shooting,2016-07-01,Kensington-Chinatown (78),Fri
2013,Stabbing,2013-03-04,Caledonia-Fairbank (109),Mon
2016,Shooting,2016-07-01,Kensington-Chinatown (78),Fri
2013,Other,2013-03-06,Rexdale-Kipling (4),Wed
2016,Other,2016-07-03,Little Portugal (84),Sun
2013,Other,2013-03-13,Wexford/Maryvale (119),Wed
2016,Shooting,2016-07-13,Downsview-Roding-CFB (26),Wed
2013,Shooting,2013-03-21,Moss Park (73),Thu
2016,Shooting,2016-09-11,South Parkdale (85),Sun
2016,Other,2016-07-18,Church-Yonge Corridor (75),Mon
2013,Shooting,2013-03-28,Waterfront Communities-The Island (77),Thu
2016,Shooting,2016-07-28,Bendale (127),Thu
2013,Other,2013-07-09,Moss Park (73),Tue
2016,Stabbing,2016-07-29,Church-Yonge Corridor (75),Fri
2013,Shooting,2013-03-30,Yorkdale-Glen Park (31),Sat
2016,Other,2016-08-09,Blake-Jones (69),Tue
2013,Other,2013-02-06,Steeles (116),Wed
2016,Other,2016-08-15,Moss Park (73),Mon
2013,Other,2013-07-13,Newtonbrook West (36),Sat
2016,Other,2016-04-19,North Riverdale (68),Tue
2013,Other,2013-02-06,Steeles (116),Wed
2016,Shooting,2016-08-21,Niagara (82),Sun
2013,Other,2013-04-06,Regent Park (72),Sat
2016,Other,2016-08-25,Scarborough Village (139),Thu
2016,Other,2016-08-25,Scarborough Village (139),Thu
2016,Other,2016-08-25,Scarborough Village (139),Thu
2016,Shooting,2016-08-27,South Riverdale (70),Sat
2016,Stabbing,2016-09-13,York University Heights (27),Tue
2016,Stabbing,2016-09-23,Bendale (127),Fri
2016,Other,2016-09-21,Weston-Pellam Park (91),Wed
2016,Shooting,2016-09-30,West Humber-Clairville (1),Fri
2014,Other,2014-01-30,Church-Yonge Corridor (75),Thu
2016,Shooting,2016-10-16,Weston (113),Sun
2016,Shooting,2016-10-18,West Humber-Clairville (1),Tue
2016,Shooting,2016-10-24,Kingsview Village-The Westway (6),Mon
2016,Shooting,2016-10-27,Woburn (137),Thu
2016,Other,2016-11-05,Trinity-Bellwoods (81),Sat
2016,Shooting,2016-11-18,Victoria Village (43),Fri
2016,Shooting,2016-11-19,Black Creek (24),Sat
2016,Shooting,2016-11-27,South Riverdale (70),Sun
2016,Other,2016-12-03,Clanton Park (33),Sat
2016,Stabbing,2016-12-04,Glenfield-Jane Heights (25),Sun
2016,Shooting,2016-12-07,Old East York (58),Wed
2016,Shooting,2016-12-14,Scarborough Village (139),Wed
2016,Stabbing,2016-12-16,Little Portugal (84),Fri
2016,Shooting,2016-12-17,Weston (113),Sat
2016,Shooting,2016-12-18,Kingsview Village-The Westway (6),Sun
2016,Stabbing,2016-12-24,Moss Park (73),Sat
2017,Shooting,2017-01-08,Moss Park (73),Sun
2016,Other,2016-02-05,Malvern (132),Fri
2016,Other,2016-02-05,Malvern (132),Fri
2016,Other,2016-02-05,Malvern (132),Fri
2016,Other,2016-02-05,Malvern (132),Fri
2017,Shooting,2017-01-23,Humber Summit (21),Mon
2017,Other,2017-01-26,Mimico (includes Humber Bay Shores) (17),Thu
2017,Shooting,2017-01-30,Moss Park (73),Mon
2017,Shooting,2017-01-30,Regent Park (72),Mon
2017,Shooting,2017-02-01,Glenfield-Jane Heights (25),Wed
2017,Shooting,2017-02-05,Danforth (66),Sun
2017,Shooting,2017-02-06,Elms-Old Rexdale (5),Mon
2017,Other,2017-02-06,Willowdale West (37),Mon
2017,Other,2017-02-16,O'Connor-Parkview (54),Thu
2015,Other,2015-01-16,West Humber-Clairville (1),Fri
2017,Shooting,2017-02-25,Thorncliffe Park (55),Sat
2016,Shooting,2016-05-15,West Humber-Clairville (1),Sun
2017,Shooting,2017-03-16,Rouge (131),Thu
2017,Shooting,2017-03-18,Taylor-Massey (61),Sat
2017,Shooting,2017-03-31,Humber Heights-Westmount (8),Fri
2017,Shooting,2017-04-14,L'Amoreaux (117),Fri
2017,Shooting,2017-04-14,South Riverdale (70),Fri
2017,Shooting,2017-04-21,Briar Hill-Belgravia (108),Fri
2017,Other,2017-03-04,North Riverdale (68),Sat
2017,Shooting,2017-05-22,South Riverdale (70),Mon
2017,Other,2017-06-07,Keelesdale-Eglinton West (110),Wed
2017,Shooting,2017-06-11,Humbermede (22),Sun
2017,Stabbing,2017-06-23,Dovercourt-Wallace Emerson-Junction (93),Fri
2017,Shooting,2017-07-02,Regent Park (72),Sun
2017,Shooting,2017-07-23,Rouge (131),Sun
2017,Shooting,2017-07-23,Rouge (131),Sun
2017,Shooting,2017-07-23,Malvern (132),Sun
2017,Shooting,2017-07-30,Yorkdale-Glen Park (31),Sun
2017,Shooting,2017-07-31,Moss Park (73),Mon
2017,Shooting,2017-08-01,Humewood-Cedarvale (106),Tue
2017,Stabbing,2017-07-31,Broadview North (57),Mon
2017,Stabbing,2017-08-17,Glenfield-Jane Heights (25),Thu
2017,Other,2017-05-22,South Riverdale (70),Mon
2017,Shooting,2017-08-20,Kensington-Chinatown (78),Sun
2017,Stabbing,2017-08-22,Glenfield-Jane Heights (25),Tue
2017,Shooting,2017-08-31,Downsview-Roding-CFB (26),Thu
2017,Shooting,2017-09-02,Elms-Old Rexdale (5),Sat
2017,Stabbing,2017-09-06,Eglinton East (138),Wed
2017,Stabbing,2017-09-13,Henry Farm (53),Wed
2017,Shooting,2017-09-14,Dorset Park (126),Thu
2017,Shooting,2017-09-16,Regent Park (72),Sat
2017,Shooting,2017-09-16,Waterfront Communities-The Island (77),Sat
2017,Stabbing,2017-09-10,Birchcliffe-Cliffside (122),Sun
2017,Shooting,2017-09-29,Downsview-Roding-CFB (26),Fri
2017,Shooting,2017-10-01,South Riverdale (70),Sun
2017,Shooting,2017-10-01,South Riverdale (70),Sun
2017,Shooting,2017-10-05,Kingsview Village-The Westway (6),Thu
2017,Other,2017-10-04,Rexdale-Kipling (4),Wed
2017,Stabbing,2017-10-07,Woodbine-Lumsden (60),Sat
2017,Shooting,2017-10-08,Kingsview Village-The Westway (6),Sun
2017,Shooting,2017-10-14,Humber Summit (21),Sat
2017,Stabbing,2017-10-20,Thorncliffe Park (55),Fri
2017,Other,2017-10-13,Dovercourt-Wallace Emerson-Junction (93),Fri
2017,Stabbing,2017-10-28,O'Connor-Parkview (54),Sat
2013,Other,2013-07-14,Niagara (82),Sun
2013,Shooting,2013-04-25,Malvern (132),Thu
2013,Stabbing,2013-07-15,Eringate-Centennial-West Deane (11),Mon
2013,Stabbing,2013-04-25,Lansing-Westgate (38),Thu
2013,Other,2013-04-29,Glenfield-Jane Heights (25),Mon
2013,Stabbing,2013-04-30,Birchcliffe-Cliffside (122),Tue
2013,Stabbing,2013-07-15,Eringate-Centennial-West Deane (11),Mon
2013,Stabbing,2013-07-15,Eringate-Centennial-West Deane (11),Mon
2013,Shooting,2013-05-19,Trinity-Bellwoods (81),Sun
2013,Other,2013-05-16,O'Connor-Parkview (54),Thu
2013,Shooting,2013-05-29,Rouge (131),Wed
2013,Other,2013-06-03,Agincourt North (129),Mon
2013,Shooting,2013-08-05,High Park-Swansea (87),Mon
2013,Stabbing,2013-06-27,Broadview North (57),Thu
2013,Shooting,2013-08-12,Elms-Old Rexdale (5),Mon
2013,Shooting,2013-07-28,Glenfield-Jane Heights (25),Sun
2013,Shooting,2013-08-23,Glenfield-Jane Heights (25),Fri
2014,Other,2014-01-14,Wexford/Maryvale (119),Tue
2013,Shooting,2013-08-23,Glenfield-Jane Heights (25),Fri
2014,Shooting,2014-01-29,Humber Heights-Westmount (8),Wed
2014,Other,2014-01-29,Woburn (137),Wed
2014,Stabbing,2014-02-02,O'Connor-Parkview (54),Sun
2014,Other,2014-02-03,Wexford/Maryvale (119),Mon
2014,Shooting,2014-02-04,Lawrence Park North (105),Tue
2014,Shooting,2014-02-09,Alderwood (20),Sun
2014,Stabbing,2014-02-12,Mount Olive-Silverstone-Jamestown (2),Wed
2014,Shooting,2014-03-08,Flemingdon Park (44),Sat
2014,Stabbing,2014-03-09,Islington-City Centre West (14),Sun
2013,Shooting,2013-09-03,Weston (113),Tue
2013,Stabbing,2013-09-12,Hillcrest Village (48),Thu
2013,Stabbing,2013-09-14,Greenwood-Coxwell (65),Sat
2013,Shooting,2013-09-17,Willowridge-Martingrove-Richview (7),Tue
2014,Other,2014-03-12,Greenwood-Coxwell (65),Wed
2014,Stabbing,2014-03-15,Woburn (137),Sat
2013,Stabbing,2013-09-20,Keelesdale-Eglinton West (110),Fri
2014,Stabbing,2014-03-15,South Riverdale (70),Sat
2014,Shooting,2014-03-19,East End-Danforth (62),Wed
2014,Shooting,2014-03-19,East End-Danforth (62),Wed
2014,Shooting,2014-03-25,Weston-Pellam Park (91),Tue
2014,Shooting,2014-04-04,Cabbagetown-South St.James Town (71),Fri
2014,Shooting,2014-04-12,Rouge (131),Sat
2013,Stabbing,2013-10-13,Weston (113),Sun
2014,Shooting,2014-05-02,Briar Hill-Belgravia (108),Fri
2014,Shooting,2014-05-24,Greenwood-Coxwell (65),Sat
2014,Other,2014-06-10,Milliken (130),Tue
2014,Shooting,2014-07-06,Moss Park (73),Sun
2014,Shooting,2014-07-08,Yorkdale-Glen Park (31),Tue
2014,Other,2014-07-15,Pleasant View (46),Tue
2014,Stabbing,2014-08-09,Etobicoke West Mall (13),Sat
2014,Shooting,2014-08-18,Rockcliffe-Smythe (111),Mon
2014,Shooting,2014-08-26,Waterfront Communities-The Island (77),Tue
2014,Other,2014-08-30,Palmerston-Little Italy (80),Sat
2014,Other,2014-01-03,Cabbagetown-South St.James Town (71),Fri
2014,Other,2014-09-05,Cabbagetown-South St.James Town (71),Fri
2014,Stabbing,2014-09-08,East End-Danforth (62),Mon
2014,Shooting,2014-09-08,Weston (113),Mon
2014,Shooting,2014-09-11,St.Andrew-Windfields (40),Thu
2014,Other,2014-09-11,Islington-City Centre West (14),Thu
2014,Shooting,2014-09-14,Woburn (137),Sun
2014,Other,2014-09-14,Don Valley Village (47),Sun
2014,Shooting,2014-09-17,York University Heights (27),Wed
2014,Stabbing,2014-09-23,Mount Olive-Silverstone-Jamestown (2),Tue
2014,Stabbing,2014-09-27,Greenwood-Coxwell (65),Sat
2014,Shooting,2014-09-29,Scarborough Village (139),Mon
2014,Stabbing,2014-09-30,Oakwood Village (107),Tue
2014,Shooting,2014-10-05,Junction Area (90),Sun
2014,Shooting,2014-10-06,Kingsview Village-The Westway (6),Mon
2014,Shooting,2014-10-06,Kingsview Village-The Westway (6),Mon
2014,Shooting,2014-10-06,Regent Park (72),Mon
2014,Other,2014-10-13,Don Valley Village (47),Mon
2014,Other,2014-10-15,Dovercourt-Wallace Emerson-Junction (93),Wed
2014,Shooting,2014-10-30,Downsview-Roding-CFB (26),Thu
2014,Shooting,2014-11-06,Keelesdale-Eglinton West (110),Thu
2013,Shooting,2013-09-23,Moss Park (73),Mon
2013,Other,2013-05-24,Rockcliffe-Smythe (111),Fri
2013,Stabbing,2013-10-06,Bay Street Corridor (76),Sun
2013,Other,2013-10-20,Kensington-Chinatown (78),Sun
2013,Other,2013-11-01,Regent Park (72),Fri
2013,Other,2013-11-09,Wychwood (94),Sat
2013,Shooting,2013-11-10,The Beaches (63),Sun
2013,Stabbing,2013-11-25,Lawrence Park North (105),Mon
2013,Other,2013-12-26,Pelmo Park-Humberlea (23),Thu
2013,Other,2013-12-27,Milliken (130),Fri
2013,Other,2013-07-04,Clanton Park (33),Thu
2010,Other,2010-05-29,Downsview-Roding-CFB (26),Sat
2008,Shooting,2008-02-01,Eglinton East (138),Fri
2006,Shooting,2006-10-27,Waterfront Communities-The Island (77),Fri
2012,Shooting,2012-01-27,Dufferin Grove (83),Fri
2012,Shooting,2012-02-20,Lansing-Westgate (38),Mon
2012,Shooting,2012-02-20,Lansing-Westgate (38),Mon
2012,Other,2012-02-29,L'Amoreaux (117),Wed
2012,Other,2012-03-11,Willowdale East (51),Sun
2010,Stabbing,2010-06-12,Casa Loma (96),Sat
2012,Stabbing,2012-03-23,Kingsway South (15),Fri
2010,Other,2010-05-08,Dovercourt-Wallace Emerson-Junction (93),Sat
2010,Stabbing,2010-05-29,High Park-Swansea (87),Sat
2010,Other,2010-06-12,New Toronto (18),Sat
2010,Stabbing,2010-06-29,Willowridge-Martingrove-Richview (7),Tue
2010,Stabbing,2010-06-30,Rockcliffe-Smythe (111),Wed
2010,Shooting,2010-07-02,Downsview-Roding-CFB (26),Fri
2010,Stabbing,2010-07-02,Annex (95),Fri
2012,Shooting,2012-04-12,Rockcliffe-Smythe (111),Thu
2012,Stabbing,2012-04-15,Victoria Village (43),Sun
2012,Other,2012-04-16,High Park North (88),Mon
2012,Shooting,2012-05-04,Englemount-Lawrence (32),Fri
2012,Shooting,2012-05-09,Yonge-Eglinton (100),Wed
2012,Other,2012-05-07,Oakridge (121),Mon
2012,Shooting,2012-05-10,Lambton Baby Point (114),Thu
2012,Other,2012-05-14,Moss Park (73),Mon
2012,Shooting,2012-05-31,Centennial Scarborough (133),Thu
2012,Shooting,2012-06-02,Bay Street Corridor (76),Sat
2012,Shooting,2012-06-02,Bay Street Corridor (76),Sat
2012,Shooting,2012-06-18,Trinity-Bellwoods (81),Mon
2012,Shooting,2012-06-22,Dorset Park (126),Fri
2012,Shooting,2012-06-23,Willowdale East (51),Sat
2012,Shooting,2012-07-05,Islington-City Centre West (14),Thu
2012,Shooting,2012-07-16,West Hill (136),Mon
2012,Shooting,2012-07-16,West Hill (136),Mon
2012,Shooting,2012-07-17,Rockcliffe-Smythe (111),Tue
2012,Shooting,2012-07-19,Englemount-Lawrence (32),Thu
2012,Other,2012-07-22,Bendale (127),Sun
2012,Shooting,2012-08-01,Black Creek (24),Wed
2012,Other,2012-08-07,Malvern (132),Tue
2012,Other,2012-08-24,Clairlea-Birchmount (120),Fri
2012,Shooting,2012-09-08,Malvern (132),Sat
2012,Shooting,2012-09-08,The Beaches (63),Sat
2012,Shooting,2012-09-16,Glenfield-Jane Heights (25),Sun
2012,Other,2012-09-15,Briar Hill-Belgravia (108),Sat
2012,Shooting,2012-09-18,Mount Olive-Silverstone-Jamestown (2),Tue
2012,Shooting,2012-09-18,Mount Olive-Silverstone-Jamestown (2),Tue
2012,Shooting,2012-10-11,Black Creek (24),Thu
2012,Other,2012-10-17,Woburn (137),Wed
2012,Stabbing,2012-10-23,Cabbagetown-South St.James Town (71),Tue
2012,Shooting,2012-10-28,Morningside (135),Sun
2012,Shooting,2012-10-29,Yorkdale-Glen Park (31),Mon
2012,Stabbing,2012-10-29,South Parkdale (85),Mon
2012,Shooting,2012-10-30,Mount Dennis (115),Tue
2012,Shooting,2012-11-11,Kensington-Chinatown (78),Sun
2012,Other,2012-11-12,Mount Olive-Silverstone-Jamestown (2),Mon
2012,Other,2012-11-14,Woodbine Corridor (64),Wed
2012,Stabbing,2012-11-17,Banbury-Don Mills (42),Sat
2012,Shooting,2012-12-02,Downsview-Roding-CFB (26),Sun
2012,Other,2012-07-02,Playter Estates-Danforth (67),Mon
2012,Stabbing,2012-12-20,Cabbagetown-South St.James Town (71),Thu
2012,Other,2012-07-03,Markland Wood (12),Tue
2012,Shooting,2012-11-29,Markland Wood (12),Thu
2010,Shooting,2010-07-06,Dorset Park (126),Tue
2010,Shooting,2010-07-10,Kensington-Chinatown (78),Sat
2010,Stabbing,2010-07-14,Bendale (127),Wed
2010,Shooting,2010-07-13,Flemingdon Park (44),Tue
2010,Shooting,2010-07-16,Agincourt South-Malvern West (128),Fri
2010,Shooting,2010-07-30,Glenfield-Jane Heights (25),Fri
2010,Shooting,2010-07-30,West Humber-Clairville (1),Fri
2010,Stabbing,2010-07-31,Flemingdon Park (44),Sat
2010,Shooting,2010-08-14,Islington-City Centre West (14),Sat
2010,Shooting,2010-08-14,North St.James Town (74),Sat
2010,Shooting,2010-08-24,Englemount-Lawrence (32),Tue
2010,Stabbing,2010-08-27,Dufferin Grove (83),Fri
2010,Shooting,2010-09-10,Woburn (137),Fri
2010,Shooting,2010-09-12,Black Creek (24),Sun
2010,Stabbing,2010-09-25,Humber Heights-Westmount (8),Sat
2010,Other,2010-08-29,Junction Area (90),Sun
2010,Shooting,2010-09-29,Weston (113),Wed
2010,Shooting,2010-09-29,Weston (113),Wed
2010,Shooting,2010-10-04,South Parkdale (85),Mon
2010,Other,2010-07-09,Victoria Village (43),Fri
2010,Shooting,2010-10-04,Black Creek (24),Mon
2010,Shooting,2010-10-09,Regent Park (72),Sat
2010,Shooting,2010-10-09,Regent Park (72),Sat
2010,Shooting,2010-10-17,Oakridge (121),Sun
2010,Shooting,2010-10-25,Regent Park (72),Mon
2010,Stabbing,2010-10-27,South Riverdale (70),Wed
2010,Shooting,2010-11-17,Willowdale West (37),Wed
2010,Shooting,2010-11-20,Don Valley Village (47),Sat
2010,Shooting,2010-11-22,Glenfield-Jane Heights (25),Mon
2010,Shooting,2010-11-24,Woburn (137),Wed
2010,Other,2010-11-27,Waterfront Communities-The Island (77),Sat
2010,Shooting,2010-11-29,Regent Park (72),Mon
2010,Other,2010-12-02,East End-Danforth (62),Thu
2010,Shooting,2010-12-25,Rockcliffe-Smythe (111),Sat
2010,Other,2010-08-08,Cabbagetown-South St.James Town (71),Sun
2010,Other,2010-09-12,Brookhaven-Amesbury (30),Sun
2010,Other,2010-05-25,Woburn (137),Tue
2013,Stabbing,2013-01-01,York University Heights (27),Tue
2013,Shooting,2013-01-18,Regent Park (72),Fri
2013,Other,2013-01-19,Willowridge-Martingrove-Richview (7),Sat
2005,Shooting,2005-07-31,Bay Street Corridor (76),Sun
2005,Shooting,2005-08-03,Mount Olive-Silverstone-Jamestown (2),Wed
2008,Shooting,2008-02-17,Malvern (132),Sun
2008,Shooting,2008-02-22,Woburn (137),Fri
2005,Shooting,2005-08-05,L'Amoreaux (117),Fri
2008,Other,2008-02-23,Trinity-Bellwoods (81),Sat
2005,Shooting,2005-08-07,Cabbagetown-South St.James Town (71),Sun
2008,Other,2008-02-28,Clanton Park (33),Thu
2005,Shooting,2005-08-07,Cabbagetown-South St.James Town (71),Sun
2008,Shooting,2008-03-14,Yorkdale-Glen Park (31),Fri
2005,Shooting,2005-08-13,Humber Heights-Westmount (8),Sat
2008,Stabbing,2008-03-18,Etobicoke West Mall (13),Tue
2005,Shooting,2005-08-15,North St.James Town (74),Mon
2008,Shooting,2008-03-18,South Riverdale (70),Tue
2005,Shooting,2005-08-16,Flemingdon Park (44),Tue
2008,Stabbing,2008-04-17,Dovercourt-Wallace Emerson-Junction (93),Thu
2005,Other,2005-08-18,Bendale (127),Thu
2008,Stabbing,2008-05-04,Scarborough Village (139),Sun
2005,Other,2005-08-20,New Toronto (18),Sat
2008,Stabbing,2008-04-30,Junction Area (90),Wed
2005,Shooting,2005-08-25,Scarborough Village (139),Thu
2008,Other,2008-05-04,Scarborough Village (139),Sun
2005,Shooting,2005-08-30,Glenfield-Jane Heights (25),Tue
2008,Stabbing,2008-05-17,Banbury-Don Mills (42),Sat
2005,Other,2005-08-31,Moss Park (73),Wed
2008,Other,2008-05-17,Banbury-Don Mills (42),Sat
2005,Stabbing,2005-09-06,Banbury-Don Mills (42),Tue
2008,Shooting,2008-05-28,Malvern (132),Wed
2005,Shooting,2005-09-08,Rustic (28),Thu
2008,Shooting,2008-05-28,Tam O'Shanter-Sullivan (118),Wed
2005,Shooting,2005-09-09,Niagara (82),Fri
2008,Shooting,2008-05-30,Victoria Village (43),Fri
2005,Shooting,2005-09-10,Black Creek (24),Sat
2008,Shooting,2008-02-25,East End-Danforth (62),Mon
2005,Shooting,2005-09-13,Glenfield-Jane Heights (25),Tue
2008,Shooting,2008-06-13,Niagara (82),Fri
2005,Shooting,2005-09-16,South Parkdale (85),Fri
2008,Shooting,2008-06-13,Niagara (82),Fri
2005,Shooting,2005-09-16,Elms-Old Rexdale (5),Fri
2005,Shooting,2005-09-16,Elms-Old Rexdale (5),Fri
2005,Shooting,2005-09-16,Elms-Old Rexdale (5),Fri
2005,Other,2005-09-22,Old East York (58),Thu
2005,Stabbing,2005-10-01,West Hill (136),Sat
2005,Shooting,2005-10-22,Mount Olive-Silverstone-Jamestown (2),Sat
2005,Shooting,2005-10-23,West Humber-Clairville (1),Sun
2005,Shooting,2005-10-23,West Humber-Clairville (1),Sun
2005,Shooting,2005-11-01,L'Amoreaux (117),Tue
2005,Shooting,2005-11-09,Oakwood Village (107),Wed
2005,Stabbing,2005-11-12,Willowdale East (51),Sat
2005,Shooting,2005-11-14,Weston-Pellam Park (91),Mon
2005,Shooting,2005-11-18,West Humber-Clairville (1),Fri
2005,Other,2005-11-02,O'Connor-Parkview (54),Wed
2005,Stabbing,2005-11-26,Dorset Park (126),Sat
2005,Shooting,2005-11-29,Dovercourt-Wallace Emerson-Junction (93),Tue
2005,Other,2005-01-26,Black Creek (24),Wed
2005,Shooting,2005-12-01,Humber Summit (21),Thu
2005,Other,2005-11-05,South Parkdale (85),Sat
2005,Other,2005-12-16,Forest Hill North (102),Fri
2005,Shooting,2005-12-23,Glenfield-Jane Heights (25),Fri
2005,Shooting,2005-12-26,Woodbine Corridor (64),Mon
2005,Stabbing,2005-09-19,Clanton Park (33),Mon
2005,Other,2005-01-24,Steeles (116),Mon
2006,Shooting,2006-01-01,Briar Hill-Belgravia (108),Sun
2006,Other,2006-01-26,Bedford Park-Nortown (39),Thu
2006,Shooting,2006-02-06,Glenfield-Jane Heights (25),Mon
2006,Stabbing,2006-02-09,L'Amoreaux (117),Thu
2006,Stabbing,2006-02-09,L'Amoreaux (117),Thu
2006,Stabbing,2006-02-09,L'Amoreaux (117),Thu
2006,Stabbing,2006-02-08,Flemingdon Park (44),Wed
2006,Other,2006-03-02,Taylor-Massey (61),Thu
2006,Other,2006-03-04,Highland Creek (134),Sat
2006,Shooting,2006-03-12,Humbermede (22),Sun
2006,Shooting,2006-03-14,Scarborough Village (139),Tue
2006,Shooting,2006-03-20,Cabbagetown-South St.James Town (71),Mon
2006,Shooting,2006-03-27,Mount Dennis (115),Mon
2006,Shooting,2006-03-27,Glenfield-Jane Heights (25),Mon
2006,Other,2006-04-07,Humbermede (22),Fri
2006,Stabbing,2006-04-20,Downsview-Roding-CFB (26),Thu
2006,Stabbing,2006-04-26,Don Valley Village (47),Wed
2006,Shooting,2006-04-29,Flemingdon Park (44),Sat
2006,Stabbing,2006-04-29,New Toronto (18),Sat
2006,Stabbing,2006-05-02,Greenwood-Coxwell (65),Tue
2006,Stabbing,2006-05-15,Kensington-Chinatown (78),Mon
2006,Other,2006-05-17,Taylor-Massey (61),Wed
2006,Stabbing,2006-11-05,O'Connor-Parkview (54),Sun
2006,Other,2006-05-26,Humewood-Cedarvale (106),Fri
2006,Shooting,2006-05-28,Woburn (137),Sun
2006,Shooting,2006-06-03,Weston (113),Sat
2006,Stabbing,2006-06-03,Downsview-Roding-CFB (26),Sat
2006,Shooting,2006-06-12,Rustic (28),Mon
2006,Stabbing,2006-06-13,Mount Dennis (115),Tue
2006,Stabbing,2006-06-22,Downsview-Roding-CFB (26),Thu
2006,Shooting,2006-06-23,Malvern (132),Fri
2006,Other,2006-06-23,Church-Yonge Corridor (75),Fri
2006,Shooting,2006-06-26,Waterfront Communities-The Island (77),Mon
2006,Shooting,2006-07-02,Junction Area (90),Sun
2006,Shooting,2006-07-05,Alderwood (20),Wed
2006,Shooting,2006-07-11,Church-Yonge Corridor (75),Tue
2006,Shooting,2006-07-12,Rouge (131),Wed
2006,Shooting,2006-07-12,Mount Dennis (115),Wed
2006,Stabbing,2006-07-14,West Humber-Clairville (1),Fri
2006,Stabbing,2006-07-15,O'Connor-Parkview (54),Sat
2006,Shooting,2006-07-17,O'Connor-Parkview (54),Mon
2006,Other,2006-06-02,Danforth (66),Fri
2006,Other,2006-07-27,Malvern (132),Thu
2006,Other,2006-08-05,South Parkdale (85),Sat
2006,Stabbing,2006-09-11,Bay Street Corridor (76),Mon
2006,Stabbing,2006-09-11,Bay Street Corridor (76),Mon
2006,Shooting,2006-09-14,L'Amoreaux (117),Thu
2006,Other,2006-09-17,Woburn (137),Sun
2006,Shooting,2006-09-17,South Parkdale (85),Sun
2006,Stabbing,2006-09-17,Steeles (116),Sun
2006,Other,2006-09-21,Birchcliffe-Cliffside (122),Thu
2006,Other,2006-09-22,Church-Yonge Corridor (75),Fri
2006,Shooting,2006-09-25,Humber Summit (21),Mon
2006,Shooting,2006-10-09,Victoria Village (43),Mon
2006,Other,2006-10-17,Wexford/Maryvale (119),Tue
2006,Stabbing,2006-10-21,Morningside (135),Sat
2006,Other,2006-10-27,Stonegate-Queensway (16),Fri
2006,Stabbing,2006-10-11,Cabbagetown-South St.James Town (71),Wed
2008,Shooting,2008-06-15,Rockcliffe-Smythe (111),Sun
2006,Stabbing,2006-11-05,O'Connor-Parkview (54),Sun
2008,Other,2008-06-23,Clairlea-Birchmount (120),Mon
2006,Shooting,2006-11-14,Malvern (132),Tue
2008,Other,2008-06-22,O'Connor-Parkview (54),Sun
2006,Other,2006-11-25,Lambton Baby Point (114),Sat
2008,Shooting,2008-07-09,Wexford/Maryvale (119),Wed
2006,Shooting,2006-12-03,Waterfront Communities-The Island (77),Sun
2008,Stabbing,2008-07-14,Yonge-St.Clair (97),Mon
2006,Other,2006-12-03,Malvern (132),Sun
2008,Shooting,2008-07-17,Morningside (135),Thu
2017,Stabbing,2017-11-14,Weston (113),Tue
2006,Other,2006-12-20,Regent Park (72),Wed
2006,Shooting,2006-12-25,South Parkdale (85),Mon
2006,Stabbing,2006-12-26,West Humber-Clairville (1),Tue
2006,Shooting,2006-12-27,Black Creek (24),Wed
2006,Other,2006-10-06,Islington-City Centre West (14),Fri
2007,Shooting,2007-01-01,Malvern (132),Mon
2007,Shooting,2007-01-11,Flemingdon Park (44),Thu
2007,Other,2007-01-11,Weston (113),Thu
2007,Shooting,2007-01-14,Agincourt South-Malvern West (128),Sun
2007,Stabbing,2007-01-20,Rockcliffe-Smythe (111),Sat
2007,Shooting,2007-02-04,Cliffcrest (123),Sun
2007,Stabbing,2007-02-14,Downsview-Roding-CFB (26),Wed
2007,Stabbing,2007-03-09,Clairlea-Birchmount (120),Fri
2007,Shooting,2007-03-15,Humbermede (22),Thu
2007,Shooting,2007-03-17,Oakwood Village (107),Sat
2007,Other,2007-03-28,Willowdale East (51),Wed
2007,Stabbing,2007-04-02,Glenfield-Jane Heights (25),Mon
2007,Shooting,2007-04-04,Cabbagetown-South St.James Town (71),Wed
2007,Shooting,2007-04-05,Mount Olive-Silverstone-Jamestown (2),Thu
2007,Other,2007-04-06,Woburn (137),Fri
2007,Stabbing,2007-04-09,Clanton Park (33),Mon
2007,Shooting,2007-04-12,South Riverdale (70),Thu
2007,Stabbing,2007-04-13,Kennedy Park (124),Fri
2007,Shooting,2007-04-21,Downsview-Roding-CFB (26),Sat
2007,Stabbing,2007-04-22,North Riverdale (68),Sun
2007,Other,2007-04-29,Bay Street Corridor (76),Sun
2007,Shooting,2007-05-09,Rouge (131),Wed
2007,Other,2007-05-14,Elms-Old Rexdale (5),Mon
2007,Shooting,2007-05-18,Mount Pleasant East (99),Fri
2007,Shooting,2007-05-21,Humbermede (22),Mon
2007,Shooting,2007-05-23,Banbury-Don Mills (42),Wed
2007,Shooting,2007-05-20,Kensington-Chinatown (78),Sun
2007,Other,2007-05-26,Waterfront Communities-The Island (77),Sat
2007,Stabbing,2007-06-05,Parkwoods-Donalda (45),Tue
2007,Shooting,2007-06-09,Mount Olive-Silverstone-Jamestown (2),Sat
2007,Other,2007-05-30,Kensington-Chinatown (78),Wed
2007,Other,2007-06-17,Caledonia-Fairbank (109),Sun
2007,Other,2007-05-08,Morningside (135),Tue
2007,Stabbing,2007-06-25,Rouge (131),Mon
2007,Stabbing,2007-06-29,Moss Park (73),Fri
2007,Shooting,2007-07-04,Rouge (131),Wed
2007,Stabbing,2007-07-07,West Hill (136),Sat
2007,Shooting,2007-07-03,Yorkdale-Glen Park (31),Tue
2007,Stabbing,2007-07-17,Woburn (137),Tue
2007,Shooting,2007-07-21,Oakwood Village (107),Sat
2007,Shooting,2007-07-22,Glenfield-Jane Heights (25),Sun
2007,Shooting,2007-07-22,North St.James Town (74),Sun
2007,Shooting,2007-07-22,Waterfront Communities-The Island (77),Sun
2007,Shooting,2007-07-28,Rouge (131),Sat
2007,Other,2007-07-28,Junction Area (90),Sat
2007,Shooting,2007-07-30,West Humber-Clairville (1),Mon
2007,Stabbing,2007-07-29,Eglinton East (138),Sun
2007,Shooting,2007-08-04,Regent Park (72),Sat
2007,Stabbing,2007-08-09,Niagara (82),Thu
2007,Stabbing,2007-08-22,Thorncliffe Park (55),Wed
2007,Stabbing,2007-02-22,Islington-City Centre West (14),Thu
2007,Shooting,2007-08-26,Oakridge (121),Sun
2007,Other,2007-08-22,Cliffcrest (123),Wed
2007,Other,2007-08-31,Agincourt North (129),Fri
2007,Stabbing,2007-09-11,Dorset Park (126),Tue
2007,Other,2007-09-07,Oakwood Village (107),Fri
2007,Shooting,2007-08-16,Black Creek (24),Thu
2007,Other,2007-09-11,Weston (113),Tue
2007,Shooting,2007-09-19,Bay Street Corridor (76),Wed
2007,Other,2007-09-25,Parkwoods-Donalda (45),Tue
2007,Shooting,2007-09-28,Glenfield-Jane Heights (25),Fri
2007,Stabbing,2007-10-02,Downsview-Roding-CFB (26),Tue
2007,Shooting,2007-10-06,Rockcliffe-Smythe (111),Sat
2007,Shooting,2007-10-08,Wychwood (94),Mon
2007,Shooting,2007-10-09,Glenfield-Jane Heights (25),Tue
2007,Shooting,2007-10-14,Wexford/Maryvale (119),Sun
2007,Other,2007-10-18,Hillcrest Village (48),Thu
2007,Shooting,2007-10-21,North Riverdale (68),Sun
2007,Shooting,2007-10-27,Islington-City Centre West (14),Sat
2007,Other,2007-09-01,Clairlea-Birchmount (120),Sat
2007,Stabbing,2007-11-03,Glenfield-Jane Heights (25),Sat
2007,Shooting,2007-11-06,Moss Park (73),Tue
2007,Shooting,2007-11-23,Tam O'Shanter-Sullivan (118),Fri
2007,Shooting,2007-11-23,Malvern (132),Fri
2007,Stabbing,2007-11-23,O'Connor-Parkview (54),Fri
2007,Shooting,2007-11-25,Black Creek (24),Sun
2007,Shooting,2007-11-28,Morningside (135),Wed
2007,Shooting,2007-12-02,Malvern (132),Sun
2007,Shooting,2007-12-14,Rouge (131),Fri
2007,Shooting,2007-12-23,Regent Park (72),Sun
2007,Stabbing,2007-12-25,Mount Olive-Silverstone-Jamestown (2),Tue
2007,Stabbing,2007-12-01,Bendale (127),Sat
2007,Other,2007-02-11,Waterfront Communities-The Island (77),Sun
2008,Stabbing,2008-01-01,O'Connor-Parkview (54),Tue
2008,Shooting,2008-01-12,Bay Street Corridor (76),Sat
2008,Shooting,2008-01-17,South Riverdale (70),Thu
2008,Shooting,2008-01-22,Downsview-Roding-CFB (26),Tue
2008,Shooting,2008-02-01,Eglinton East (138),Fri
2006,Shooting,2006-07-12,Rouge (131),Wed
2008,Shooting,2008-07-19,Rouge (131),Sat
2011,Other,2011-10-17,Clairlea-Birchmount (120),Mon
2017,Shooting,2017-11-21,Rouge (131),Tue
2008,Shooting,2008-07-20,Alderwood (20),Sun
2011,Other,2011-10-07,Little Portugal (84),Fri
2008,Shooting,2008-07-20,Alderwood (20),Sun
2017,Shooting,2017-12-04,Scarborough Village (139),Mon
2013,Shooting,2013-02-24,Humber Summit (21),Sun
2008,Shooting,2008-07-20,Alderwood (20),Sun
2017,Other,2017-11-29,Church-Yonge Corridor (75),Wed
2013,Shooting,2013-06-16,Willowdale East (51),Sun
2007,Stabbing,2007-12-25,Mount Olive-Silverstone-Jamestown (2),Tue
2017,Other,2017-12-06,Centennial Scarborough (133),Wed
2013,Shooting,2013-11-24,Mount Olive-Silverstone-Jamestown (2),Sun
2007,Stabbing,2007-06-25,Rouge (131),Mon
2017,Shooting,2017-11-13,Moss Park (73),Mon
2009,Other,2009-05-20,Rockcliffe-Smythe (111),Wed
2007,Shooting,2007-07-04,Rouge (131),Wed
2017,Other,2017-12-12,Malvern (132),Tue
2014,Stabbing,2014-11-29,Thorncliffe Park (55),Sat
2008,Shooting,2008-07-26,Pelmo Park-Humberlea (23),Sat
2017,Shooting,2017-12-16,Waterfront Communities-The Island (77),Sat
2014,Stabbing,2014-11-29,Thorncliffe Park (55),Sat
2008,Shooting,2008-07-27,Keelesdale-Eglinton West (110),Sun
2018,Other,2018-01-03,Willowridge-Martingrove-Richview (7),Wed
2014,Stabbing,2014-11-29,Thorncliffe Park (55),Sat
2008,Stabbing,2008-08-02,Moss Park (73),Sat
2018,Shooting,2018-01-09,Humber Heights-Westmount (8),Tue
2014,Shooting,2014-11-16,Bay Street Corridor (76),Sun
2008,Other,2008-08-03,Roncesvalles (86),Sun
2004,Stabbing,2004-02-20,Downsview-Roding-CFB (26),Fri
2014,Stabbing,2014-12-01,Cabbagetown-South St.James Town (71),Mon
2008,Stabbing,2008-08-03,Woodbine Corridor (64),Sun
2018,Shooting,2018-01-19,Eringate-Centennial-West Deane (11),Fri
2014,Stabbing,2014-12-04,Bendale (127),Thu
2008,Shooting,2008-08-10,Agincourt South-Malvern West (128),Sun
2018,Shooting,2018-01-19,Eringate-Centennial-West Deane (11),Fri
2014,Stabbing,2014-12-09,High Park North (88),Tue
2008,Shooting,2008-08-24,Willowdale West (37),Sun
2018,Stabbing,2018-01-29,Bay Street Corridor (76),Mon
2014,Other,2014-12-15,Little Portugal (84),Mon
2008,Shooting,2008-08-26,Malvern (132),Tue
2017,Other,2017-12-31,Thorncliffe Park (55),Sun
2015,Stabbing,2015-01-10,Church-Yonge Corridor (75),Sat
2008,Other,2008-05-28,West Humber-Clairville (1),Wed
2008,Other,2008-08-22,Waterfront Communities-The Island (77),Fri
2008,Stabbing,2008-09-02,Bayview Village (52),Tue
2008,Shooting,2008-09-08,Keelesdale-Eglinton West (110),Mon
2008,Stabbing,2008-09-08,Humbermede (22),Mon
2008,Shooting,2008-09-09,Maple Leaf (29),Tue
2008,Shooting,2008-09-16,Black Creek (24),Tue
2008,Stabbing,2008-09-16,Tam O'Shanter-Sullivan (118),Tue
2008,Shooting,2008-09-22,Glenfield-Jane Heights (25),Mon
2008,Shooting,2008-10-03,Edenbridge-Humber Valley (9),Fri
2008,Other,2008-09-24,Downsview-Roding-CFB (26),Wed
2008,Shooting,2008-10-09,Downsview-Roding-CFB (26),Thu
2008,Other,2008-10-11,Niagara (82),Sat
2008,Stabbing,2008-10-13,Rouge (131),Mon
2008,Stabbing,2008-10-13,Rouge (131),Mon
2008,Shooting,2008-10-14,Scarborough Village (139),Tue
2008,Shooting,2008-10-25,South Riverdale (70),Sat
2008,Shooting,2008-10-25,Clanton Park (33),Sat
2008,Other,2008-08-28,Kensington-Chinatown (78),Thu
2008,Stabbing,2008-11-18,Morningside (135),Tue
2008,Stabbing,2008-11-18,Morningside (135),Tue
2008,Stabbing,2008-11-18,Morningside (135),Tue
2008,Other,2008-11-23,Etobicoke West Mall (13),Sun
2008,Shooting,2008-11-26,Victoria Village (43),Wed
2008,Stabbing,2008-12-03,New Toronto (18),Wed
2008,Stabbing,2008-12-06,Beechborough-Greenbrook (112),Sat
2008,Other,2008-12-25,Wexford/Maryvale (119),Thu
2009,Shooting,2009-01-03,Humber Summit (21),Sat
2009,Shooting,2009-01-04,Banbury-Don Mills (42),Sun
2009,Other,2009-01-06,Flemingdon Park (44),Tue
2009,Stabbing,2009-01-16,Weston-Pellam Park (91),Fri
2009,Shooting,2009-01-20,Keelesdale-Eglinton West (110),Tue
2009,Shooting,2009-02-01,Weston (113),Sun
2009,Shooting,2009-02-10,Morningside (135),Tue
2009,Shooting,2009-02-22,Black Creek (24),Sun
2009,Other,2009-07-11,Dorset Park (126),Sat
2009,Shooting,2009-02-26,Keelesdale-Eglinton West (110),Thu
2009,Shooting,2009-02-28,Dorset Park (126),Sat
2009,Stabbing,2009-03-12,Black Creek (24),Thu
2009,Stabbing,2009-04-02,Kennedy Park (124),Thu
2009,Stabbing,2009-04-17,South Riverdale (70),Fri
2009,Shooting,2009-04-21,Keelesdale-Eglinton West (110),Tue
2009,Shooting,2009-04-22,Rockcliffe-Smythe (111),Wed
2009,Shooting,2009-05-01,Lambton Baby Point (114),Fri
2009,Stabbing,2009-05-05,Little Portugal (84),Tue
2009,Shooting,2009-05-11,Rockcliffe-Smythe (111),Mon
2009,Stabbing,2009-05-20,South Riverdale (70),Wed
2009,Stabbing,2009-05-20,Rockcliffe-Smythe (111),Wed
2009,Stabbing,2009-06-15,Kingsview Village-The Westway (6),Mon
2009,Other,2009-06-17,Yorkdale-Glen Park (31),Wed
2009,Stabbing,2009-06-21,South Riverdale (70),Sun
2009,Stabbing,2009-06-21,South Riverdale (70),Sun
2009,Other,2009-05-09,Greenwood-Coxwell (65),Sat
2009,Other,2009-07-07,Glenfield-Jane Heights (25),Tue
2009,Shooting,2009-07-19,Rouge (131),Sun
2009,Stabbing,2009-07-20,Tam O'Shanter-Sullivan (118),Mon
2009,Shooting,2009-07-25,University (79),Sat
2009,Shooting,2009-08-01,Annex (95),Sat
2009,Shooting,2009-08-02,West Humber-Clairville (1),Sun
2017,Other,2017-12-31,Thorncliffe Park (55),Sun
2016,Other,2016-04-22,Thorncliffe Park (55),Fri
2015,Stabbing,2015-01-17,Newtonbrook East (50),Sat
2017,Other,2017-12-15,St.Andrew-Windfields (40),Fri
2017,Other,2017-12-15,St.Andrew-Windfields (40),Fri
2015,Shooting,2015-01-27,Yorkdale-Glen Park (31),Tue
2018,Shooting,2018-02-08,Bayview Village (52),Thu
2015,Shooting,2015-01-31,Kensington-Chinatown (78),Sat
2018,Shooting,2018-02-15,Highland Creek (134),Thu
2015,Other,2015-02-04,Clairlea-Birchmount (120),Wed
2018,Other,2018-02-26,Wychwood (94),Mon
2015,Shooting,2015-02-28,Woodbine Corridor (64),Sat
2018,Shooting,2018-03-02,Black Creek (24),Fri
2015,Shooting,2015-02-28,Woodbine Corridor (64),Sat
2018,Stabbing,2018-03-06,Parkwoods-Donalda (45),Tue
2015,Shooting,2015-03-17,Kingsview Village-The Westway (6),Tue
2018,Shooting,2018-03-10,Mount Olive-Silverstone-Jamestown (2),Sat
2015,Stabbing,2015-03-21,Willowridge-Martingrove-Richview (7),Sat
2018,Shooting,2018-03-16,Humber Heights-Westmount (8),Fri
2015,Other,2015-03-18,Mimico (includes Humber Bay Shores) (17),Wed
2018,Shooting,2018-03-17,Yorkdale-Glen Park (31),Sat
2015,Shooting,2015-03-30,Mount Olive-Silverstone-Jamestown (2),Mon
2018,Shooting,2018-03-17,Yorkdale-Glen Park (31),Sat
2015,Other,2015-04-14,Corso Italia-Davenport (92),Tue
2018,Shooting,2018-04-06,Parkwoods-Donalda (45),Fri
2015,Stabbing,2015-04-23,Birchcliffe-Cliffside (122),Thu
2018,Stabbing,2018-04-10,Old East York (58),Tue
2015,Other,2015-04-09,Taylor-Massey (61),Thu
2018,Stabbing,2018-04-21,Kennedy Park (124),Sat
2015,Stabbing,2015-05-08,West Hill (136),Fri
2018,Other,2018-04-23,Lansing-Westgate (38),Mon
2015,Shooting,2015-05-19,Greenwood-Coxwell (65),Tue
2015,Other,2015-05-17,Dovercourt-Wallace Emerson-Junction (93),Sun
2015,Shooting,2015-05-20,Dovercourt-Wallace Emerson-Junction (93),Wed
2015,Stabbing,2015-05-25,Woburn (137),Mon
2015,Shooting,2015-06-01,Woburn (137),Mon
2015,Stabbing,2015-05-30,Woodbine-Lumsden (60),Sat
2015,Stabbing,2015-06-03,Church-Yonge Corridor (75),Wed
2015,Other,2015-06-12,Rockcliffe-Smythe (111),Fri
2015,Shooting,2015-06-28,Little Portugal (84),Sun
2015,Shooting,2015-06-28,Little Portugal (84),Sun
2015,Stabbing,2015-07-12,Cliffcrest (123),Sun
2015,Other,2015-07-10,Dovercourt-Wallace Emerson-Junction (93),Fri
2015,Stabbing,2015-08-03,North St.James Town (74),Mon
2015,Shooting,2015-08-04,Niagara (82),Tue
2015,Shooting,2015-08-04,Niagara (82),Tue
2015,Stabbing,2015-08-07,Weston-Pellam Park (91),Fri
2015,Shooting,2015-08-09,Bay Street Corridor (76),Sun
2015,Shooting,2015-08-19,Moss Park (73),Wed
2015,Shooting,2015-08-19,Rustic (28),Wed
2015,Shooting,2015-07-09,Mount Olive-Silverstone-Jamestown (2),Thu
2015,Stabbing,2015-09-06,Rockcliffe-Smythe (111),Sun
2015,Stabbing,2015-09-12,West Hill (136),Sat
2015,Stabbing,2015-09-22,Morningside (135),Tue
2015,Shooting,2015-10-01,Highland Creek (134),Thu
2015,Shooting,2015-10-17,West Humber-Clairville (1),Sat
2015,Shooting,2015-10-31,Bay Street Corridor (76),Sat
2015,Shooting,2015-11-04,Thorncliffe Park (55),Wed
2015,Other,2015-11-10,Woodbine Corridor (64),Tue
2015,Other,2015-11-10,Clairlea-Birchmount (120),Tue
2015,Stabbing,2015-11-13,Cabbagetown-South St.James Town (71),Fri
2015,Stabbing,2015-11-13,Tam O'Shanter-Sullivan (118),Fri
2015,Shooting,2015-11-17,West Humber-Clairville (1),Tue
2015,Shooting,2015-11-30,Mount Olive-Silverstone-Jamestown (2),Mon
2015,Shooting,2015-12-11,Waterfront Communities-The Island (77),Fri
2015,Shooting,2015-12-11,Henry Farm (53),Fri
2015,Stabbing,2015-12-15,Bay Street Corridor (76),Tue
2015,Shooting,2015-12-15,Humber Summit (21),Tue
2015,Stabbing,2015-12-11,Bay Street Corridor (76),Fri
2015,Other,2015-11-28,Oakridge (121),Sat
2015,Other,2015-12-20,Humewood-Cedarvale (106),Sun
2015,Other,2015-12-30,Yonge-Eglinton (100),Wed
2016,Shooting,2016-01-04,Taylor-Massey (61),Mon
2016,Other,2016-01-17,Newtonbrook East (50),Sun
2016,Shooting,2016-01-20,Princess-Rosethorn (10),Wed
2016,Shooting,2016-01-20,L'Amoreaux (117),Wed
2016,Shooting,2016-01-19,New Toronto (18),Tue
2016,Shooting,2016-01-24,Bendale (127),Sun
2016,Shooting,2016-01-29,Yorkdale-Glen Park (31),Fri
2016,Shooting,2016-01-31,Kensington-Chinatown (78),Sun
2016,Other,2016-01-30,Mount Olive-Silverstone-Jamestown (2),Sat
2016,Shooting,2016-01-31,Kensington-Chinatown (78),Sun
2016,Stabbing,2016-02-03,Etobicoke West Mall (13),Wed
2016,Other,2016-02-07,O'Connor-Parkview (54),Sun
2016,Stabbing,2016-02-09,Weston (113),Tue
2016,Stabbing,2016-02-27,Clairlea-Birchmount (120),Sat
2016,Shooting,2016-02-28,Humber Heights-Westmount (8),Sun
2016,Shooting,2016-02-29,Scarborough Village (139),Mon
2016,Other,2016-02-22,Scarborough Village (139),Mon
2016,Other,2016-03-04,Kensington-Chinatown (78),Fri
2016,Shooting,2016-03-20,L'Amoreaux (117),Sun
2016,Other,2016-03-22,Pelmo Park-Humberlea (23),Tue
2016,Shooting,2016-03-23,South Riverdale (70),Wed
2016,Shooting,2016-04-02,Moss Park (73),Sat
2016,Other,2016-04-09,York University Heights (27),Sat
2016,Shooting,2016-04-13,Bay Street Corridor (76),Wed
2016,Shooting,2016-04-14,Mimico (includes Humber Bay Shores) (17),Thu
2016,Shooting,2016-04-17,Greenwood-Coxwell (65),Sun
2016,Shooting,2016-04-29,Wexford/Maryvale (119),Fri
2016,Shooting,2016-04-29,Wexford/Maryvale (119),Fri
2016,Shooting,2016-05-15,West Humber-Clairville (1),Sun
2018,Other,2018-04-23,Lansing-Westgate (38),Mon
2018,Other,2018-04-23,Lansing-Westgate (38),Mon
2018,Other,2018-04-23,Lansing-Westgate (38),Mon
2018,Other,2018-04-23,Lansing-Westgate (38),Mon
2018,Other,2018-04-23,Lansing-Westgate (38),Mon
2018,Other,2018-04-23,Lansing-Westgate (38),Mon
2018,Other,2018-04-23,Lansing-Westgate (38),Mon
2018,Other,2018-04-23,Lansing-Westgate (38),Mon
2018,Other,2018-04-23,Lansing-Westgate (38),Mon
2018,Stabbing,2018-05-06,Birchcliffe-Cliffside (122),Sun
2018,Shooting,2018-05-07,Princess-Rosethorn (10),Mon
2018,Shooting,2018-05-20,Morningside (135),Sun
2018,Shooting,2018-05-20,Bay Street Corridor (76),Sun
2018,Stabbing,2018-05-23,Annex (95),Wed
2018,Other,2018-05-25,Broadview North (57),Fri
2018,Stabbing,2018-05-25,East End-Danforth (62),Fri
2018,Shooting,2018-05-28,Malvern (132),Mon
2018,Shooting,2018-05-28,Annex (95),Mon
2018,Shooting,2018-05-30,Bay Street Corridor (76),Wed
2018,Shooting,2018-06-05,New Toronto (18),Tue
2018,Stabbing,2018-06-09,Little Portugal (84),Sat
2018,Other,2018-06-09,Niagara (82),Sat
2018,Other,2018-06-13,Roncesvalles (86),Wed
2018,Stabbing,2018-06-16,Cliffcrest (123),Sat
2018,Other,2018-06-18,Church-Yonge Corridor (75),Mon
2018,Shooting,2018-06-24,Englemount-Lawrence (32),Sun
2018,Shooting,2018-06-24,Thistletown-Beaumond Heights (3),Sun
2018,Shooting,2018-06-24,Thistletown-Beaumond Heights (3),Sun
2018,Stabbing,2018-06-23,West Humber-Clairville (1),Sat
2018,Shooting,2018-06-25,Moss Park (73),Mon
2018,Shooting,2018-06-30,Waterfront Communities-The Island (77),Sat
2018,Shooting,2018-06-30,Waterfront Communities-The Island (77),Sat
2018,Stabbing,2018-07-01,Blake-Jones (69),Sun
2018,Shooting,2018-07-01,Kensington-Chinatown (78),Sun
2018,Shooting,2018-07-08,Black Creek (24),Sun
2018,Shooting,2018-07-09,Black Creek (24),Mon
2018,Other,2018-07-05,Clairlea-Birchmount (120),Thu
2018,Shooting,2018-07-23,North Riverdale (68),Mon
2018,Stabbing,2018-07-21,South Riverdale (70),Sat
2018,Shooting,2018-07-23,North Riverdale (68),Mon
2018,Shooting,2018-07-25,Humber Summit (21),Wed
2012,Other,2012-10-18,Church-Yonge Corridor (75),Thu
2015,Other,2015-10-15,Woburn (137),Thu
2010,Other,2010-09-06,Thorncliffe Park (55),Mon
2010,Other,2010-12-29,Thorncliffe Park (55),Wed
2015,Other,2015-12-14,Thorncliffe Park (55),Mon
2018,Shooting,2018-08-15,West Humber-Clairville (1),Wed
2018,Stabbing,2018-08-18,Kingsview Village-The Westway (6),Sat
2018,Stabbing,2018-08-18,Islington-City Centre West (14),Sat
2018,Shooting,2018-08-19,Moss Park (73),Sun
2018,Shooting,2018-08-22,Blake-Jones (69),Wed
2018,Shooting,2018-08-22,Mount Dennis (115),Wed
2018,Other,2018-08-13,New Toronto (18),Mon
2018,Stabbing,2018-08-24,Weston (113),Fri
2018,Other,2018-08-24,Agincourt North (129),Fri
2018,Other,2018-08-29,Regent Park (72),Wed
2018,Stabbing,2018-08-18,Islington-City Centre West (14),Sat
2018,Shooting,2018-08-31,Clairlea-Birchmount (120),Fri
2018,Shooting,2018-09-02,Malvern (132),Sun
2018,Shooting,2018-09-02,Niagara (82),Sun
2018,Shooting,2018-09-08,Weston-Pellam Park (91),Sat
2018,Other,2018-09-08,Roncesvalles (86),Sat
2018,Stabbing,2018-09-11,Willowridge-Martingrove-Richview (7),Tue
2018,Shooting,2018-09-14,Eglinton East (138),Fri
2018,Shooting,2018-09-18,Agincourt South-Malvern West (128),Tue
2018,Stabbing,2018-09-19,Newtonbrook West (36),Wed
2018,Shooting,2018-09-24,Henry Farm (53),Mon
2018,Shooting,2018-09-25,Regent Park (72),Tue
2018,Shooting,2018-10-02,York University Heights (27),Tue
2018,Shooting,2018-10-03,Tam O'Shanter-Sullivan (118),Wed
2018,Other,2018-10-04,South Riverdale (70),Thu
2018,Shooting,2018-10-11,Downsview-Roding-CFB (26),Thu
2018,Stabbing,2018-10-20,Kennedy Park (124),Sat
2018,Other,2018-10-18,Clairlea-Birchmount (120),Thu
2018,Other,2018-10-12,Church-Yonge Corridor (75),Fri
2018,Shooting,2018-11-14,Pelmo Park-Humberlea (23),Wed
2018,Shooting,2018-11-18,West Hill (136),Sun
2018,Other,2018-11-16,Moss Park (73),Fri
2018,Stabbing,2018-12-06,Moss Park (73),Thu
2018,Shooting,2018-12-12,Kingsview Village-The Westway (6),Wed
2018,Shooting,2018-12-18,Black Creek (24),Tue
2018,Shooting,2018-12-19,Waterfront Communities-The Island (77),Wed
2018,Shooting,2018-12-21,Mount Olive-Silverstone-Jamestown (2),Fri
2019,Stabbing,2019-01-06,Kennedy Park (124),Sun
2019,Shooting,2019-01-09,Rexdale-Kipling (4),Wed
2019,Stabbing,2019-01-08,Clairlea-Birchmount (120),Tue
2019,Shooting,2019-01-12,Dorset Park (126),Sat
2019,Stabbing,2019-01-24,Rockcliffe-Smythe (111),Thu
2019,Shooting,2019-02-08,Moss Park (73),Fri
2019,Shooting,2019-02-12,West Hill (136),Tue
2019,Shooting,2019-02-13,Rexdale-Kipling (4),Wed
2019,Shooting,2019-02-10,Mimico (includes Humber Bay Shores) (17),Sun
2019,Shooting,2019-02-24,Mount Olive-Silverstone-Jamestown (2),Sun
2019,Other,2019-03-04,Mount Pleasant West (104),Mon
2019,Shooting,2019-03-11,Downsview-Roding-CFB (26),Mon
2019,Other,2019-03-13,Weston-Pellam Park (91),Wed
2019,Other,2019-03-18,Willowridge-Martingrove-Richview (7),Mon
2019,Shooting,2019-03-19,Dovercourt-Wallace Emerson-Junction (93),Tue
2019,Shooting,2019-03-08,Yonge-Eglinton (100),Fri
2019,Stabbing,2019-04-10,Bay Street Corridor (76),Wed
2019,Stabbing,2019-04-15,Keelesdale-Eglinton West (110),Mon
2019,Shooting,2019-04-21,Oakwood Village (107),Sun
2019,Shooting,2019-04-28,Morningside (135),Sun
2019,Shooting,2019-05-01,West Humber-Clairville (1),Wed
2019,Other,2019-04-28,Eringate-Centennial-West Deane (11),Sun
2019,Shooting,2019-05-03,Humber Summit (21),Fri
2019,Stabbing,2019-05-05,Guildwood (140),Sun
2019,Other,2019-05-21,Dovercourt-Wallace Emerson-Junction (93),Tue
2019,Stabbing,2019-06-08,Bay Street Corridor (76),Sat
2019,Other,2019-06-06,Church-Yonge Corridor (75),Thu
2019,Shooting,2019-06-27,West Hill (136),Thu
2019,Shooting,2019-06-30,Waterfront Communities-The Island (77),Sun
2019,Shooting,2019-06-29,Mount Dennis (115),Sat
2019,Shooting,2019-06-29,Mount Dennis (115),Sat
2019,Stabbing,2019-06-27,Parkwoods-Donalda (45),Thu
2019,Other,2019-07-01,Moss Park (73),Mon
2019,Other,2019-07-18,Dufferin Grove (83),Thu
2019,Shooting,2019-08-02,Rustic (28),Fri
2019,Stabbing,2019-08-07,Wychwood (94),Wed
2019,Shooting,2019-08-09,Victoria Village (43),Fri
2019,Shooting,2019-08-16,High Park-Swansea (87),Fri
2019,Shooting,2019-08-21,Mount Dennis (115),Wed
2019,Shooting,2019-08-19,Pelmo Park-Humberlea (23),Mon
2019,Shooting,2019-08-25,Humber Summit (21),Sun
2019,Other,2019-09-04,Downsview-Roding-CFB (26),Wed
2019,Other,2019-09-03,Bendale (127),Tue
2019,Other,2019-04-03,Tam O'Shanter-Sullivan (118),Wed
2019,Stabbing,2019-09-11,Highland Creek (134),Wed
2019,Shooting,2019-09-16,Yorkdale-Glen Park (31),Mon
2019,Shooting,2019-09-19,Milliken (130),Thu
2019,Other,2019-09-22,Dorset Park (126),Sun
2019,Shooting,2019-09-24,Etobicoke West Mall (13),Tue
2019,Other,2019-09-24,Bay Street Corridor (76),Tue
2019,Other,2019-12-11,West Humber-Clairville (1),Wed
2019,Shooting,2019-09-29,Mount Olive-Silverstone-Jamestown (2),Sun
2019,Shooting,2019-10-01,Glenfield-Jane Heights (25),Tue
2019,Shooting,2019-10-01,Glenfield-Jane Heights (25),Tue
2019,Stabbing,2019-10-02,Bay Street Corridor (76),Wed
2019,Other,2019-10-07,Woodbine-Lumsden (60),Mon
2019,Shooting,2019-10-14,Mount Olive-Silverstone-Jamestown (2),Mon
2019,Shooting,2019-10-17,Hillcrest Village (48),Thu
2019,Shooting,2019-10-19,High Park-Swansea (87),Sat
2019,Other,2019-10-26,Mount Pleasant West (104),Sat
2019,Stabbing,2019-10-31,Annex (95),Thu
2019,Shooting,2019-11-04,Islington-City Centre West (14),Mon
2019,Shooting,2019-11-05,Taylor-Massey (61),Tue
2019,Shooting,2019-11-07,Weston (113),Thu
2019,Shooting,2019-11-16,Oakwood Village (107),Sat
2019,Shooting,2019-11-23,Eglinton East (138),Sat
2019,Shooting,2019-12-07,Humber Summit (21),Sat
2019,Shooting,2019-12-11,Bayview Woods-Steeles (49),Wed
2019,Shooting,2019-12-15,Downsview-Roding-CFB (26),Sun
2019,Stabbing,2019-12-10,Wexford/Maryvale (119),Tue
2019,Other,2019-12-20,Weston (113),Fri
2019,Other,2019-12-22,University (79),Sun
2019,Stabbing,2019-12-23,South Parkdale (85),Mon
2019,Stabbing,2019-12-22,Moss Park (73),Sun
2019,Shooting,2019-12-27,Etobicoke West Mall (13),Fri
2019,Shooting,2019-12-29,Eglinton East (138),Sun
2020,Shooting,2020-01-01,Regent Park (72),Wed
2019,Shooting,2019-12-31,Malvern (132),Tue
2019,Stabbing,2019-12-19,Tam O'Shanter-Sullivan (118),Thu
2020,Shooting,2020-01-11,Morningside (135),Sat
2020,Stabbing,2020-01-13,Tam O'Shanter-Sullivan (118),Mon
2020,Shooting,2020-01-20,Woburn (137),Mon
2020,Other,2020-01-20,Oakwood Village (107),Mon
2020,Shooting,2020-01-25,Scarborough Village (139),Sat
2020,Shooting,2020-01-31,Waterfront Communities-The Island (77),Fri
2020,Shooting,2020-01-31,Waterfront Communities-The Island (77),Fri
2020,Shooting,2020-02-05,Greenwood-Coxwell (65),Wed
2018,Other,2018-04-08,Wexford/Maryvale (119),Sun
2020,Shooting,2020-02-07,Etobicoke West Mall (13),Fri
2020,Other,2020-02-21,Agincourt South-Malvern West (128),Fri
2020,Stabbing,2020-02-24,Downsview-Roding-CFB (26),Mon
2020,Shooting,2020-03-13,Agincourt South-Malvern West (128),Fri
2020,Stabbing,2020-03-15,Oakwood Village (107),Sun
2020,Shooting,2020-03-18,Clairlea-Birchmount (120),Wed
2020,Shooting,2020-03-21,Bay Street Corridor (76),Sat
2020,Other,2020-03-11,Mount Dennis (115),Wed
2020,Other,2020-04-05,L'Amoreaux (117),Sun
2020,Shooting,2020-04-05,Thorncliffe Park (55),Sun
2020,Shooting,2020-04-08,Wychwood (94),Wed
2020,Other,2020-04-05,Woburn (137),Sun
2020,Other,2020-04-14,Bayview Village (52),Tue
2020,Other,2020-04-21,Mimico (includes Humber Bay Shores) (17),Tue
2020,Shooting,2020-04-26,Glenfield-Jane Heights (25),Sun
2019,Other,2019-12-11,Cliffcrest (123),Wed
2020,Shooting,2020-05-02,Wexford/Maryvale (119),Sat
2020,Other,2020-05-14,Mount Pleasant West (104),Thu
2020,Shooting,2020-05-14,Mount Olive-Silverstone-Jamestown (2),Thu
2020,Shooting,2020-05-17,Pleasant View (46),Sun
2020,Other,2020-05-19,Eglinton East (138),Tue
2020,Shooting,2020-05-26,Waterfront Communities-The Island (77),Tue
2020,Shooting,2020-05-30,West Humber-Clairville (1),Sat
2020,Shooting,2020-06-09,Thorncliffe Park (55),Tue
2020,Shooting,2020-06-19,Corso Italia-Davenport (92),Fri
2020,Stabbing,2020-06-25,Cabbagetown-South St.James Town (71),Thu
2020,Shooting,2020-07-04,L'Amoreaux (117),Sat
2020,Shooting,2020-07-10,Rockcliffe-Smythe (111),Fri
2020,Shooting,2020-07-10,Bendale (127),Fri
2020,Other,2020-07-09,Moss Park (73),Thu
2020,Other,2020-08-03,Danforth East York (59),Mon
2020,Stabbing,2020-08-09,Trinity-Bellwoods (81),Sun
2020,Shooting,2020-08-12,Eglinton East (138),Wed
2020,Stabbing,2020-08-11,Niagara (82),Tue
2020,Shooting,2020-08-20,Willowdale East (51),Thu
2020,Stabbing,2020-08-26,Moss Park (73),Wed
2020,Stabbing,2020-08-22,West Hill (136),Sat
2020,Stabbing,2020-08-22,West Hill (136),Sat
2020,Shooting,2020-09-02,York University Heights (27),Wed
2020,Stabbing,2020-09-07,West Humber-Clairville (1),Mon
2020,Shooting,2020-09-10,Rockcliffe-Smythe (111),Thu
2020,Stabbing,2020-09-12,West Humber-Clairville (1),Sat
2020,Stabbing,2020-09-12,Weston (113),Sat
2020,Stabbing,2020-09-12,Weston (113),Sat
2020,Shooting,2020-09-20,Malvern (132),Sun
2020,Shooting,2020-09-24,Black Creek (24),Thu
2020,Shooting,2020-09-27,Mount Olive-Silverstone-Jamestown (2),Sun
2020,Shooting,2020-10-01,Weston (113),Thu
2020,Shooting,2020-10-03,Downsview-Roding-CFB (26),Sat
2020,Shooting,2020-10-07,Englemount-Lawrence (32),Wed
2020,Other,2020-09-28,Don Valley Village (47),Mon
2020,Shooting,2020-10-25,Oakridge (121),Sun
2020,Shooting,2020-09-27,Black Creek (24),Sun
2020,Shooting,2020-11-07,Black Creek (24),Sat
2020,Stabbing,2020-11-16,Rouge (131),Mon
2020,Stabbing,2020-11-18,Palmerston-Little Italy (80),Wed
2020,Stabbing,2020-11-22,Parkwoods-Donalda (45),Sun
2020,Shooting,2020-12-02,Yorkdale-Glen Park (31),Wed
2020,Other,2020-12-06,Dufferin Grove (83),Sun
2020,Other,2020-12-08,Trinity-Bellwoods (81),Tue
2020,Stabbing,2020-12-08,Greenwood-Coxwell (65),Tue
2020,Other,2020-12-18,Mount Pleasant West (104),Fri
2020,Stabbing,2020-12-21,Don Valley Village (47),Mon
